"sample_size","PR"
5,0.0687302246068994
10,0.134088171409143
20,0.230937521265336
50,0.36875541269507
100,0.446520665133306
200,0.477397798891812
