"sample_size","PR"
355,4.47407567505597
710,6.73480390394304
1420,9.81004258481947
3550,17.4791698900213
7100,24.6386735837923
14200,30.723785023769
